train_size,strategy,budget,n_eval,correct,accuracy,has_final_marker_count,has_final_marker_rate,answer_format_ok_count,answer_format_ok_rate,missing_final_marker_count,malformed_final_marker_count,train_gpu_hours,train_cost_usd,model_tokens_per_sample,judge_model,judge_input_tokens,judge_output_tokens,inference_cost_per_query_usd,total_cost_usd_at_1000,total_cost_usd_at_10000,total_cost_usd_at_100000,total_cost_usd_at_1000000
0,greedy,1,50,34,0.68,45,0.9,45,0.9,5,0,0.0,0.0,0,,0,0,0.0,0.0,0.0,0.0,0.0
0,sc,4,50,38,0.76,42,0.84,42,0.84,8,0,0.0,0.0,0,,0,0,0.0,0.0,0.0,0.0,0.0
0,sc,8,50,38,0.76,39,0.78,39,0.78,11,0,0.0,0.0,0,,0,0,0.0,0.0,0.0,0.0,0.0
100,greedy,1,50,19,0.38,50,1.0,49,0.98,0,1,0.03,0.112,0,,0,0,0.0,0.112,0.112,0.112,0.112
100,sc,4,50,23,0.46,50,1.0,49,0.98,0,1,0.03,0.112,0,,0,0,0.0,0.112,0.112,0.112,0.112
100,sc,8,50,26,0.52,50,1.0,50,1.0,0,0,0.03,0.112,0,,0,0,0.0,0.112,0.112,0.112,0.112
500,greedy,1,50,27,0.54,50,1.0,50,1.0,0,0,0.125,0.55,0,,0,0,0.0,0.55,0.55,0.55,0.55
500,sc,4,50,32,0.64,50,1.0,50,1.0,0,0,0.125,0.55,0,,0,0,0.0,0.55,0.55,0.55,0.55
500,sc,8,50,35,0.7,50,1.0,50,1.0,0,0,0.125,0.55,0,,0,0,0.0,0.55,0.55,0.55,0.55
